<?xml version="1.0" encoding="UTF-8"?><?xml-stylesheet type='text/xsl' href='_UpgradeReport_Files/UpgradeReport.xslt'?><UpgradeLog>
<Properties><Property Name="Solution" Value="POSN">
</Property><Property Name="Solution File" Value="C:\Users\Michael Reed\Documents\RMR Development\Paragraphics\POS\POS\POS\POSN.sln">
</Property><Property Name="User Options File" Value="C:\Users\Michael Reed\Documents\RMR Development\Paragraphics\POS\POS\POS\POSN.suo">
</Property><Property Name="Date" Value="Wednesday, December 09, 2009">
</Property><Property Name="Time" Value="6:03 AM">
</Property><Property Name="Log Number" Value="3">
</Property></Properties><Event ErrorLevel="0" Project="" Source="POSN.sln" Description="File successfully backed up as C:\Users\Michael Reed\Documents\RMR Development\Paragraphics\POS\POS\POS\Backup1\POSN.sln">
</Event><Event ErrorLevel="0" Project="" Source="POSN.suo" Description="File successfully backed up as C:\Users\Michael Reed\Documents\RMR Development\Paragraphics\POS\POS\POS\Backup1\POSN.suo">
</Event><Event ErrorLevel="0" Project="POSN" Source="POSN.vbproj" Description="Project file successfully backed up as C:\Users\Michael Reed\Documents\RMR Development\Paragraphics\POS\POS\POS\Backup1\POSN.vbproj">
</Event><Event ErrorLevel="0" Project="POSN" Source="POSN.vbproj.user" Description="Project user file successfully backed up as C:\Users\Michael Reed\Documents\RMR Development\Paragraphics\POS\POS\POS\Backup1\POSN.vbproj.user">
</Event><Event ErrorLevel="0" Project="POSN" Source="AdmInvE.aspx.designer.vb" Description="File successfully backed up as C:\Users\Michael Reed\Documents\RMR Development\Paragraphics\POS\POS\POS\Backup1\AdmInvE.aspx.designer.vb">
</Event><Event ErrorLevel="0" Project="POSN" Source="AdmInvE.aspx.vb" Description="File successfully backed up as C:\Users\Michael Reed\Documents\RMR Development\Paragraphics\POS\POS\POS\Backup1\AdmInvE.aspx.vb">
</Event><Event ErrorLevel="0" Project="POSN" Source="AdmInvL.aspx.designer.vb" Description="File successfully backed up as C:\Users\Michael Reed\Documents\RMR Development\Paragraphics\POS\POS\POS\Backup1\AdmInvL.aspx.designer.vb">
</Event><Event ErrorLevel="0" Project="POSN" Source="AdmInvL.aspx.vb" Description="File successfully backed up as C:\Users\Michael Reed\Documents\RMR Development\Paragraphics\POS\POS\POS\Backup1\AdmInvL.aspx.vb">
</Event><Event ErrorLevel="0" Project="POSN" Source="AdmInvP.aspx.designer.vb" Description="File successfully backed up as C:\Users\Michael Reed\Documents\RMR Development\Paragraphics\POS\POS\POS\Backup1\AdmInvP.aspx.designer.vb">
</Event><Event ErrorLevel="0" Project="POSN" Source="AdmInvP.aspx.vb" Description="File successfully backed up as C:\Users\Michael Reed\Documents\RMR Development\Paragraphics\POS\POS\POS\Backup1\AdmInvP.aspx.vb">
</Event><Event ErrorLevel="0" Project="POSN" Source="AdmItmE.aspx.designer.vb" Description="File successfully backed up as C:\Users\Michael Reed\Documents\RMR Development\Paragraphics\POS\POS\POS\Backup1\AdmItmE.aspx.designer.vb">
</Event><Event ErrorLevel="0" Project="POSN" Source="AdmItmE.aspx.vb" Description="File successfully backed up as C:\Users\Michael Reed\Documents\RMR Development\Paragraphics\POS\POS\POS\Backup1\AdmItmE.aspx.vb">
</Event><Event ErrorLevel="0" Project="POSN" Source="AdmKitE.aspx.designer.vb" Description="File successfully backed up as C:\Users\Michael Reed\Documents\RMR Development\Paragraphics\POS\POS\POS\Backup1\AdmKitE.aspx.designer.vb">
</Event><Event ErrorLevel="0" Project="POSN" Source="AdmKitE.aspx.vb" Description="File successfully backed up as C:\Users\Michael Reed\Documents\RMR Development\Paragraphics\POS\POS\POS\Backup1\AdmKitE.aspx.vb">
</Event><Event ErrorLevel="0" Project="POSN" Source="AdmKitL.aspx.designer.vb" Description="File successfully backed up as C:\Users\Michael Reed\Documents\RMR Development\Paragraphics\POS\POS\POS\Backup1\AdmKitL.aspx.designer.vb">
</Event><Event ErrorLevel="0" Project="POSN" Source="AdmKitL.aspx.vb" Description="File successfully backed up as C:\Users\Michael Reed\Documents\RMR Development\Paragraphics\POS\POS\POS\Backup1\AdmKitL.aspx.vb">
</Event><Event ErrorLevel="0" Project="POSN" Source="AdmRsp.aspx.designer.vb" Description="File successfully backed up as C:\Users\Michael Reed\Documents\RMR Development\Paragraphics\POS\POS\POS\Backup1\AdmRsp.aspx.designer.vb">
</Event><Event ErrorLevel="0" Project="POSN" Source="AdmRsp.aspx.vb" Description="File successfully backed up as C:\Users\Michael Reed\Documents\RMR Development\Paragraphics\POS\POS\POS\Backup1\AdmRsp.aspx.vb">
</Event><Event ErrorLevel="0" Project="POSN" Source="AdmRspP.aspx.designer.vb" Description="File successfully backed up as C:\Users\Michael Reed\Documents\RMR Development\Paragraphics\POS\POS\POS\Backup1\AdmRspP.aspx.designer.vb">
</Event><Event ErrorLevel="0" Project="POSN" Source="AdmRspP.aspx.vb" Description="File successfully backed up as C:\Users\Michael Reed\Documents\RMR Development\Paragraphics\POS\POS\POS\Backup1\AdmRspP.aspx.vb">
</Event><Event ErrorLevel="0" Project="POSN" Source="AdmUse.aspx.designer.vb" Description="File successfully backed up as C:\Users\Michael Reed\Documents\RMR Development\Paragraphics\POS\POS\POS\Backup1\AdmUse.aspx.designer.vb">
</Event><Event ErrorLevel="0" Project="POSN" Source="AdmUse.aspx.vb" Description="File successfully backed up as C:\Users\Michael Reed\Documents\RMR Development\Paragraphics\POS\POS\POS\Backup1\AdmUse.aspx.vb">
</Event><Event ErrorLevel="0" Project="POSN" Source="AdmUseP.aspx.designer.vb" Description="File successfully backed up as C:\Users\Michael Reed\Documents\RMR Development\Paragraphics\POS\POS\POS\Backup1\AdmUseP.aspx.designer.vb">
</Event><Event ErrorLevel="0" Project="POSN" Source="AdmUseP.aspx.vb" Description="File successfully backed up as C:\Users\Michael Reed\Documents\RMR Development\Paragraphics\POS\POS\POS\Backup1\AdmUseP.aspx.vb">
</Event><Event ErrorLevel="0" Project="POSN" Source="AssemblyInfo.vb" Description="File successfully backed up as C:\Users\Michael Reed\Documents\RMR Development\Paragraphics\POS\POS\POS\Backup1\AssemblyInfo.vb">
</Event><Event ErrorLevel="0" Project="POSN" Source="Global.asax.vb" Description="File successfully backed up as C:\Users\Michael Reed\Documents\RMR Development\Paragraphics\POS\POS\POS\Backup1\Global.asax.vb">
</Event><Event ErrorLevel="0" Project="POSN" Source="ItmSel.aspx.designer.vb" Description="File successfully backed up as C:\Users\Michael Reed\Documents\RMR Development\Paragraphics\POS\POS\POS\Backup1\ItmSel.aspx.designer.vb">
</Event><Event ErrorLevel="0" Project="POSN" Source="ItmSel.aspx.vb" Description="File successfully backed up as C:\Users\Michael Reed\Documents\RMR Development\Paragraphics\POS\POS\POS\Backup1\ItmSel.aspx.vb">
</Event><Event ErrorLevel="0" Project="POSN" Source="ItmVw.aspx.designer.vb" Description="File successfully backed up as C:\Users\Michael Reed\Documents\RMR Development\Paragraphics\POS\POS\POS\Backup1\ItmVw.aspx.designer.vb">
</Event><Event ErrorLevel="0" Project="POSN" Source="ItmVw.aspx.vb" Description="File successfully backed up as C:\Users\Michael Reed\Documents\RMR Development\Paragraphics\POS\POS\POS\Backup1\ItmVw.aspx.vb">
</Event><Event ErrorLevel="0" Project="POSN" Source="KitSel.aspx.designer.vb" Description="File successfully backed up as C:\Users\Michael Reed\Documents\RMR Development\Paragraphics\POS\POS\POS\Backup1\KitSel.aspx.designer.vb">
</Event><Event ErrorLevel="0" Project="POSN" Source="KitSel.aspx.vb" Description="File successfully backed up as C:\Users\Michael Reed\Documents\RMR Development\Paragraphics\POS\POS\POS\Backup1\KitSel.aspx.vb">
</Event><Event ErrorLevel="0" Project="POSN" Source="KitVw.aspx.designer.vb" Description="File successfully backed up as C:\Users\Michael Reed\Documents\RMR Development\Paragraphics\POS\POS\POS\Backup1\KitVw.aspx.designer.vb">
</Event><Event ErrorLevel="0" Project="POSN" Source="KitVw.aspx.vb" Description="File successfully backed up as C:\Users\Michael Reed\Documents\RMR Development\Paragraphics\POS\POS\POS\Backup1\KitVw.aspx.vb">
</Event><Event ErrorLevel="0" Project="POSN" Source="Log.vb" Description="File successfully backed up as C:\Users\Michael Reed\Documents\RMR Development\Paragraphics\POS\POS\POS\Backup1\Log.vb">
</Event><Event ErrorLevel="0" Project="POSN" Source="Login.aspx.designer.vb" Description="File successfully backed up as C:\Users\Michael Reed\Documents\RMR Development\Paragraphics\POS\POS\POS\Backup1\Login.aspx.designer.vb">
</Event><Event ErrorLevel="0" Project="POSN" Source="Login.aspx.vb" Description="File successfully backed up as C:\Users\Michael Reed\Documents\RMR Development\Paragraphics\POS\POS\POS\Backup1\Login.aspx.vb">
</Event><Event ErrorLevel="0" Project="POSN" Source="Logout.aspx.designer.vb" Description="File successfully backed up as C:\Users\Michael Reed\Documents\RMR Development\Paragraphics\POS\POS\POS\Backup1\Logout.aspx.designer.vb">
</Event><Event ErrorLevel="0" Project="POSN" Source="Logout.aspx.vb" Description="File successfully backed up as C:\Users\Michael Reed\Documents\RMR Development\Paragraphics\POS\POS\POS\Backup1\Logout.aspx.vb">
</Event><Event ErrorLevel="0" Project="POSN" Source="Mail.vb" Description="File successfully backed up as C:\Users\Michael Reed\Documents\RMR Development\Paragraphics\POS\POS\POS\Backup1\Mail.vb">
</Event><Event ErrorLevel="0" Project="POSN" Source="Main.aspx.designer.vb" Description="File successfully backed up as C:\Users\Michael Reed\Documents\RMR Development\Paragraphics\POS\POS\POS\Backup1\Main.aspx.designer.vb">
</Event><Event ErrorLevel="0" Project="POSN" Source="Main.aspx.vb" Description="File successfully backed up as C:\Users\Michael Reed\Documents\RMR Development\Paragraphics\POS\POS\POS\Backup1\Main.aspx.vb">
</Event><Event ErrorLevel="0" Project="POSN" Source="OrdCrt.aspx.designer.vb" Description="File successfully backed up as C:\Users\Michael Reed\Documents\RMR Development\Paragraphics\POS\POS\POS\Backup1\OrdCrt.aspx.designer.vb">
</Event><Event ErrorLevel="0" Project="POSN" Source="OrdCrt.aspx.vb" Description="File successfully backed up as C:\Users\Michael Reed\Documents\RMR Development\Paragraphics\POS\POS\POS\Backup1\OrdCrt.aspx.vb">
</Event><Event ErrorLevel="0" Project="POSN" Source="OrdCst.aspx.designer.vb" Description="File successfully backed up as C:\Users\Michael Reed\Documents\RMR Development\Paragraphics\POS\POS\POS\Backup1\OrdCst.aspx.designer.vb">
</Event><Event ErrorLevel="0" Project="POSN" Source="OrdCst.aspx.vb" Description="File successfully backed up as C:\Users\Michael Reed\Documents\RMR Development\Paragraphics\POS\POS\POS\Backup1\OrdCst.aspx.vb">
</Event><Event ErrorLevel="0" Project="POSN" Source="OrdPLd.aspx.designer.vb" Description="File successfully backed up as C:\Users\Michael Reed\Documents\RMR Development\Paragraphics\POS\POS\POS\Backup1\OrdPLd.aspx.designer.vb">
</Event><Event ErrorLevel="0" Project="POSN" Source="OrdPLd.aspx.vb" Description="File successfully backed up as C:\Users\Michael Reed\Documents\RMR Development\Paragraphics\POS\POS\POS\Backup1\OrdPLd.aspx.vb">
</Event><Event ErrorLevel="0" Project="POSN" Source="OrdReq.aspx.designer.vb" Description="File successfully backed up as C:\Users\Michael Reed\Documents\RMR Development\Paragraphics\POS\POS\POS\Backup1\OrdReq.aspx.designer.vb">
</Event><Event ErrorLevel="0" Project="POSN" Source="OrdReq.aspx.vb" Description="File successfully backed up as C:\Users\Michael Reed\Documents\RMR Development\Paragraphics\POS\POS\POS\Backup1\OrdReq.aspx.vb">
</Event><Event ErrorLevel="0" Project="POSN" Source="OrdRvw.aspx.designer.vb" Description="File successfully backed up as C:\Users\Michael Reed\Documents\RMR Development\Paragraphics\POS\POS\POS\Backup1\OrdRvw.aspx.designer.vb">
</Event><Event ErrorLevel="0" Project="POSN" Source="OrdRvw.aspx.vb" Description="File successfully backed up as C:\Users\Michael Reed\Documents\RMR Development\Paragraphics\POS\POS\POS\Backup1\OrdRvw.aspx.vb">
</Event><Event ErrorLevel="0" Project="POSN" Source="OrdShp.aspx.designer.vb" Description="File successfully backed up as C:\Users\Michael Reed\Documents\RMR Development\Paragraphics\POS\POS\POS\Backup1\OrdShp.aspx.designer.vb">
</Event><Event ErrorLevel="0" Project="POSN" Source="OrdShp.aspx.vb" Description="File successfully backed up as C:\Users\Michael Reed\Documents\RMR Development\Paragraphics\POS\POS\POS\Backup1\OrdShp.aspx.vb">
</Event><Event ErrorLevel="0" Project="POSN" Source="OrdSReq.aspx.designer.vb" Description="File successfully backed up as C:\Users\Michael Reed\Documents\RMR Development\Paragraphics\POS\POS\POS\Backup1\OrdSReq.aspx.designer.vb">
</Event><Event ErrorLevel="0" Project="POSN" Source="OrdSReq.aspx.vb" Description="File successfully backed up as C:\Users\Michael Reed\Documents\RMR Development\Paragraphics\POS\POS\POS\Backup1\OrdSReq.aspx.vb">
</Event><Event ErrorLevel="0" Project="POSN" Source="OrdSShp.aspx.designer.vb" Description="File successfully backed up as C:\Users\Michael Reed\Documents\RMR Development\Paragraphics\POS\POS\POS\Backup1\OrdSShp.aspx.designer.vb">
</Event><Event ErrorLevel="0" Project="POSN" Source="OrdSShp.aspx.vb" Description="File successfully backed up as C:\Users\Michael Reed\Documents\RMR Development\Paragraphics\POS\POS\POS\Backup1\OrdSShp.aspx.vb">
</Event><Event ErrorLevel="0" Project="POSN" Source="OrdSve.aspx.designer.vb" Description="File successfully backed up as C:\Users\Michael Reed\Documents\RMR Development\Paragraphics\POS\POS\POS\Backup1\OrdSve.aspx.designer.vb">
</Event><Event ErrorLevel="0" Project="POSN" Source="OrdSve.aspx.vb" Description="File successfully backed up as C:\Users\Michael Reed\Documents\RMR Development\Paragraphics\POS\POS\POS\Backup1\OrdSve.aspx.vb">
</Event><Event ErrorLevel="0" Project="POSN" Source="OrdSveP.aspx.designer.vb" Description="File successfully backed up as C:\Users\Michael Reed\Documents\RMR Development\Paragraphics\POS\POS\POS\Backup1\OrdSveP.aspx.designer.vb">
</Event><Event ErrorLevel="0" Project="POSN" Source="OrdSveP.aspx.vb" Description="File successfully backed up as C:\Users\Michael Reed\Documents\RMR Development\Paragraphics\POS\POS\POS\Backup1\OrdSveP.aspx.vb">
</Event><Event ErrorLevel="0" Project="POSN" Source="paraData.vb" Description="File successfully backed up as C:\Users\Michael Reed\Documents\RMR Development\Paragraphics\POS\POS\POS\Backup1\paraData.vb">
</Event><Event ErrorLevel="0" Project="POSN" Source="paraKit.vb" Description="File successfully backed up as C:\Users\Michael Reed\Documents\RMR Development\Paragraphics\POS\POS\POS\Backup1\paraKit.vb">
</Event><Event ErrorLevel="0" Project="POSN" Source="paraOrder.vb" Description="File successfully backed up as C:\Users\Michael Reed\Documents\RMR Development\Paragraphics\POS\POS\POS\Backup1\paraOrder.vb">
</Event><Event ErrorLevel="0" Project="POSN" Source="paraPageBase.vb" Description="File successfully backed up as C:\Users\Michael Reed\Documents\RMR Development\Paragraphics\POS\POS\POS\Backup1\paraPageBase.vb">
</Event><Event ErrorLevel="0" Project="POSN" Source="paraUser.vb" Description="File successfully backed up as C:\Users\Michael Reed\Documents\RMR Development\Paragraphics\POS\POS\POS\Backup1\paraUser.vb">
</Event><Event ErrorLevel="0" Project="POSN" Source="AdmInvE.aspx" Description="File successfully backed up as C:\Users\Michael Reed\Documents\RMR Development\Paragraphics\POS\POS\POS\Backup1\AdmInvE.aspx">
</Event><Event ErrorLevel="0" Project="POSN" Source="AdmInvL.aspx" Description="File successfully backed up as C:\Users\Michael Reed\Documents\RMR Development\Paragraphics\POS\POS\POS\Backup1\AdmInvL.aspx">
</Event><Event ErrorLevel="0" Project="POSN" Source="AdmInvP.aspx" Description="File successfully backed up as C:\Users\Michael Reed\Documents\RMR Development\Paragraphics\POS\POS\POS\Backup1\AdmInvP.aspx">
</Event><Event ErrorLevel="0" Project="POSN" Source="AdmItmE.aspx" Description="File successfully backed up as C:\Users\Michael Reed\Documents\RMR Development\Paragraphics\POS\POS\POS\Backup1\AdmItmE.aspx">
</Event><Event ErrorLevel="0" Project="POSN" Source="AdmKitE.aspx" Description="File successfully backed up as C:\Users\Michael Reed\Documents\RMR Development\Paragraphics\POS\POS\POS\Backup1\AdmKitE.aspx">
</Event><Event ErrorLevel="0" Project="POSN" Source="AdmKitL.aspx" Description="File successfully backed up as C:\Users\Michael Reed\Documents\RMR Development\Paragraphics\POS\POS\POS\Backup1\AdmKitL.aspx">
</Event><Event ErrorLevel="0" Project="POSN" Source="AdmRsp.aspx" Description="File successfully backed up as C:\Users\Michael Reed\Documents\RMR Development\Paragraphics\POS\POS\POS\Backup1\AdmRsp.aspx">
</Event><Event ErrorLevel="0" Project="POSN" Source="AdmRspP.aspx" Description="File successfully backed up as C:\Users\Michael Reed\Documents\RMR Development\Paragraphics\POS\POS\POS\Backup1\AdmRspP.aspx">
</Event><Event ErrorLevel="0" Project="POSN" Source="AdmUse.aspx" Description="File successfully backed up as C:\Users\Michael Reed\Documents\RMR Development\Paragraphics\POS\POS\POS\Backup1\AdmUse.aspx">
</Event><Event ErrorLevel="0" Project="POSN" Source="AdmUseP.aspx" Description="File successfully backed up as C:\Users\Michael Reed\Documents\RMR Development\Paragraphics\POS\POS\POS\Backup1\AdmUseP.aspx">
</Event><Event ErrorLevel="0" Project="POSN" Source="Global.asax" Description="File successfully backed up as C:\Users\Michael Reed\Documents\RMR Development\Paragraphics\POS\POS\POS\Backup1\Global.asax">
</Event><Event ErrorLevel="0" Project="POSN" Source="ItmSel.aspx" Description="File successfully backed up as C:\Users\Michael Reed\Documents\RMR Development\Paragraphics\POS\POS\POS\Backup1\ItmSel.aspx">
</Event><Event ErrorLevel="0" Project="POSN" Source="ItmVw.aspx" Description="File successfully backed up as C:\Users\Michael Reed\Documents\RMR Development\Paragraphics\POS\POS\POS\Backup1\ItmVw.aspx">
</Event><Event ErrorLevel="0" Project="POSN" Source="KitSel.aspx" Description="File successfully backed up as C:\Users\Michael Reed\Documents\RMR Development\Paragraphics\POS\POS\POS\Backup1\KitSel.aspx">
</Event><Event ErrorLevel="0" Project="POSN" Source="KitVw.aspx" Description="File successfully backed up as C:\Users\Michael Reed\Documents\RMR Development\Paragraphics\POS\POS\POS\Backup1\KitVw.aspx">
</Event><Event ErrorLevel="0" Project="POSN" Source="Login.aspx" Description="File successfully backed up as C:\Users\Michael Reed\Documents\RMR Development\Paragraphics\POS\POS\POS\Backup1\Login.aspx">
</Event><Event ErrorLevel="0" Project="POSN" Source="Logout.aspx" Description="File successfully backed up as C:\Users\Michael Reed\Documents\RMR Development\Paragraphics\POS\POS\POS\Backup1\Logout.aspx">
</Event><Event ErrorLevel="0" Project="POSN" Source="Main.aspx" Description="File successfully backed up as C:\Users\Michael Reed\Documents\RMR Development\Paragraphics\POS\POS\POS\Backup1\Main.aspx">
</Event><Event ErrorLevel="0" Project="POSN" Source="OrdCrt.aspx" Description="File successfully backed up as C:\Users\Michael Reed\Documents\RMR Development\Paragraphics\POS\POS\POS\Backup1\OrdCrt.aspx">
</Event><Event ErrorLevel="0" Project="POSN" Source="OrdCst.aspx" Description="File successfully backed up as C:\Users\Michael Reed\Documents\RMR Development\Paragraphics\POS\POS\POS\Backup1\OrdCst.aspx">
</Event><Event ErrorLevel="0" Project="POSN" Source="OrdPLd.aspx" Description="File successfully backed up as C:\Users\Michael Reed\Documents\RMR Development\Paragraphics\POS\POS\POS\Backup1\OrdPLd.aspx">
</Event><Event ErrorLevel="0" Project="POSN" Source="OrdReq.aspx" Description="File successfully backed up as C:\Users\Michael Reed\Documents\RMR Development\Paragraphics\POS\POS\POS\Backup1\OrdReq.aspx">
</Event><Event ErrorLevel="0" Project="POSN" Source="OrdRvw.aspx" Description="File successfully backed up as C:\Users\Michael Reed\Documents\RMR Development\Paragraphics\POS\POS\POS\Backup1\OrdRvw.aspx">
</Event><Event ErrorLevel="0" Project="POSN" Source="OrdShp.aspx" Description="File successfully backed up as C:\Users\Michael Reed\Documents\RMR Development\Paragraphics\POS\POS\POS\Backup1\OrdShp.aspx">
</Event><Event ErrorLevel="0" Project="POSN" Source="OrdSReq.aspx" Description="File successfully backed up as C:\Users\Michael Reed\Documents\RMR Development\Paragraphics\POS\POS\POS\Backup1\OrdSReq.aspx">
</Event><Event ErrorLevel="0" Project="POSN" Source="OrdSShp.aspx" Description="File successfully backed up as C:\Users\Michael Reed\Documents\RMR Development\Paragraphics\POS\POS\POS\Backup1\OrdSShp.aspx">
</Event><Event ErrorLevel="0" Project="POSN" Source="OrdSve.aspx" Description="File successfully backed up as C:\Users\Michael Reed\Documents\RMR Development\Paragraphics\POS\POS\POS\Backup1\OrdSve.aspx">
</Event><Event ErrorLevel="0" Project="POSN" Source="OrdSveP.aspx" Description="File successfully backed up as C:\Users\Michael Reed\Documents\RMR Development\Paragraphics\POS\POS\POS\Backup1\OrdSveP.aspx">
</Event><Event ErrorLevel="0" Project="POSN" Source="paraStyles.css" Description="File successfully backed up as C:\Users\Michael Reed\Documents\RMR Development\Paragraphics\POS\POS\POS\Backup1\paraStyles.css">
</Event><Event ErrorLevel="0" Project="POSN" Source="paraStylesP.css" Description="File successfully backed up as C:\Users\Michael Reed\Documents\RMR Development\Paragraphics\POS\POS\POS\Backup1\paraStylesP.css">
</Event><Event ErrorLevel="2" Project="POSN" Source="ReadMe.txt" Description="Failed to backup file as C:\Users\Michael Reed\Documents\RMR Development\Paragraphics\POS\POS\POS\Backup1\ReadMe.txt">
</Event><Event ErrorLevel="0" Project="POSN" Source="Web.config" Description="File successfully backed up as C:\Users\Michael Reed\Documents\RMR Development\Paragraphics\POS\POS\POS\Backup1\Web.config">
</Event><Event ErrorLevel="0" Project="POSN" Source="AdmInvE.aspx.resx" Description="File successfully backed up as C:\Users\Michael Reed\Documents\RMR Development\Paragraphics\POS\POS\POS\Backup1\AdmInvE.aspx.resx">
</Event><Event ErrorLevel="0" Project="POSN" Source="AdmInvL.aspx.resx" Description="File successfully backed up as C:\Users\Michael Reed\Documents\RMR Development\Paragraphics\POS\POS\POS\Backup1\AdmInvL.aspx.resx">
</Event><Event ErrorLevel="0" Project="POSN" Source="AdmInvP.aspx.resx" Description="File successfully backed up as C:\Users\Michael Reed\Documents\RMR Development\Paragraphics\POS\POS\POS\Backup1\AdmInvP.aspx.resx">
</Event><Event ErrorLevel="0" Project="POSN" Source="AdmItmE.aspx.resx" Description="File successfully backed up as C:\Users\Michael Reed\Documents\RMR Development\Paragraphics\POS\POS\POS\Backup1\AdmItmE.aspx.resx">
</Event><Event ErrorLevel="0" Project="POSN" Source="AdmKitE.aspx.resx" Description="File successfully backed up as C:\Users\Michael Reed\Documents\RMR Development\Paragraphics\POS\POS\POS\Backup1\AdmKitE.aspx.resx">
</Event><Event ErrorLevel="0" Project="POSN" Source="AdmKitL.aspx.resx" Description="File successfully backed up as C:\Users\Michael Reed\Documents\RMR Development\Paragraphics\POS\POS\POS\Backup1\AdmKitL.aspx.resx">
</Event><Event ErrorLevel="0" Project="POSN" Source="AdmRsp.aspx.resx" Description="File successfully backed up as C:\Users\Michael Reed\Documents\RMR Development\Paragraphics\POS\POS\POS\Backup1\AdmRsp.aspx.resx">
</Event><Event ErrorLevel="0" Project="POSN" Source="AdmRspP.aspx.resx" Description="File successfully backed up as C:\Users\Michael Reed\Documents\RMR Development\Paragraphics\POS\POS\POS\Backup1\AdmRspP.aspx.resx">
</Event><Event ErrorLevel="0" Project="POSN" Source="AdmUse.aspx.resx" Description="File successfully backed up as C:\Users\Michael Reed\Documents\RMR Development\Paragraphics\POS\POS\POS\Backup1\AdmUse.aspx.resx">
</Event><Event ErrorLevel="0" Project="POSN" Source="AdmUseP.aspx.resx" Description="File successfully backed up as C:\Users\Michael Reed\Documents\RMR Development\Paragraphics\POS\POS\POS\Backup1\AdmUseP.aspx.resx">
</Event><Event ErrorLevel="0" Project="POSN" Source="Global.asax.resx" Description="File successfully backed up as C:\Users\Michael Reed\Documents\RMR Development\Paragraphics\POS\POS\POS\Backup1\Global.asax.resx">
</Event><Event ErrorLevel="0" Project="POSN" Source="ItmSel.aspx.resx" Description="File successfully backed up as C:\Users\Michael Reed\Documents\RMR Development\Paragraphics\POS\POS\POS\Backup1\ItmSel.aspx.resx">
</Event><Event ErrorLevel="0" Project="POSN" Source="ItmVw.aspx.resx" Description="File successfully backed up as C:\Users\Michael Reed\Documents\RMR Development\Paragraphics\POS\POS\POS\Backup1\ItmVw.aspx.resx">
</Event><Event ErrorLevel="0" Project="POSN" Source="KitSel.aspx.resx" Description="File successfully backed up as C:\Users\Michael Reed\Documents\RMR Development\Paragraphics\POS\POS\POS\Backup1\KitSel.aspx.resx">
</Event><Event ErrorLevel="0" Project="POSN" Source="KitVw.aspx.resx" Description="File successfully backed up as C:\Users\Michael Reed\Documents\RMR Development\Paragraphics\POS\POS\POS\Backup1\KitVw.aspx.resx">
</Event><Event ErrorLevel="0" Project="POSN" Source="Login.aspx.resx" Description="File successfully backed up as C:\Users\Michael Reed\Documents\RMR Development\Paragraphics\POS\POS\POS\Backup1\Login.aspx.resx">
</Event><Event ErrorLevel="0" Project="POSN" Source="Logout.aspx.resx" Description="File successfully backed up as C:\Users\Michael Reed\Documents\RMR Development\Paragraphics\POS\POS\POS\Backup1\Logout.aspx.resx">
</Event><Event ErrorLevel="0" Project="POSN" Source="Main.aspx.resx" Description="File successfully backed up as C:\Users\Michael Reed\Documents\RMR Development\Paragraphics\POS\POS\POS\Backup1\Main.aspx.resx">
</Event><Event ErrorLevel="0" Project="POSN" Source="OrdCrt.aspx.resx" Description="File successfully backed up as C:\Users\Michael Reed\Documents\RMR Development\Paragraphics\POS\POS\POS\Backup1\OrdCrt.aspx.resx">
</Event><Event ErrorLevel="0" Project="POSN" Source="OrdCst.aspx.resx" Description="File successfully backed up as C:\Users\Michael Reed\Documents\RMR Development\Paragraphics\POS\POS\POS\Backup1\OrdCst.aspx.resx">
</Event><Event ErrorLevel="0" Project="POSN" Source="OrdPLd.aspx.resx" Description="File successfully backed up as C:\Users\Michael Reed\Documents\RMR Development\Paragraphics\POS\POS\POS\Backup1\OrdPLd.aspx.resx">
</Event><Event ErrorLevel="0" Project="POSN" Source="OrdReq.aspx.resx" Description="File successfully backed up as C:\Users\Michael Reed\Documents\RMR Development\Paragraphics\POS\POS\POS\Backup1\OrdReq.aspx.resx">
</Event><Event ErrorLevel="0" Project="POSN" Source="OrdRvw.aspx.resx" Description="File successfully backed up as C:\Users\Michael Reed\Documents\RMR Development\Paragraphics\POS\POS\POS\Backup1\OrdRvw.aspx.resx">
</Event><Event ErrorLevel="0" Project="POSN" Source="OrdShp.aspx.resx" Description="File successfully backed up as C:\Users\Michael Reed\Documents\RMR Development\Paragraphics\POS\POS\POS\Backup1\OrdShp.aspx.resx">
</Event><Event ErrorLevel="0" Project="POSN" Source="OrdSReq.aspx.resx" Description="File successfully backed up as C:\Users\Michael Reed\Documents\RMR Development\Paragraphics\POS\POS\POS\Backup1\OrdSReq.aspx.resx">
</Event><Event ErrorLevel="0" Project="POSN" Source="OrdSShp.aspx.resx" Description="File successfully backed up as C:\Users\Michael Reed\Documents\RMR Development\Paragraphics\POS\POS\POS\Backup1\OrdSShp.aspx.resx">
</Event><Event ErrorLevel="0" Project="POSN" Source="OrdSve.aspx.resx" Description="File successfully backed up as C:\Users\Michael Reed\Documents\RMR Development\Paragraphics\POS\POS\POS\Backup1\OrdSve.aspx.resx">
</Event><Event ErrorLevel="0" Project="POSN" Source="OrdSveP.aspx.resx" Description="File successfully backed up as C:\Users\Michael Reed\Documents\RMR Development\Paragraphics\POS\POS\POS\Backup1\OrdSveP.aspx.resx">
</Event><Event ErrorLevel="0" Project="POSN" Source="POSN.vbproj" Description="Project converted successfully">
</Event><Event ErrorLevel="3" Project="POSN" Source="POSN.vbproj" Description="Converted">
</Event><Event ErrorLevel="0" Project="" Source="POSN.sln" Description="The solution file does not require conversion.">
</Event><Event ErrorLevel="3" Project="" Source="POSN.sln" Description="No Conversion Required">
</Event><Event ErrorLevel="0" Project="POSN" Source="POSN.vbproj" Description="Scan complete: Upgrade not required for project files.">
</Event></UpgradeLog>